"Dataset","Model","Metric","Value"
"boston","RaFFLE","MSE",10.7555969977531
"boston","RaFFLE","MSE",9.37275995823251
"boston","RaFFLE","MSE",7.99109948553255
"boston","RaFFLE","MSE",13.9107687410118
"boston","RaFFLE","MSE",11.4433281779937
"boston","RaFFLE","MSE",16.9934667399451
"boston","RaFFLE","MSE",9.15610582136711
"boston","RaFFLE","MSE",13.2500094092912
"boston","RaFFLE","MSE",8.03346492328455
"boston","RaFFLE","MSE",10.8096005426462
"boston","RaFFLE","MAE",2.09007062764028
"boston","RaFFLE","MAE",2.24918925573004
"boston","RaFFLE","MAE",1.94471605276876
"boston","RaFFLE","MAE",2.3346355774637
"boston","RaFFLE","MAE",2.4204413808721
"boston","RaFFLE","MAE",2.49345583005216
"boston","RaFFLE","MAE",2.32356399031649
"boston","RaFFLE","MAE",2.65226800880945
"boston","RaFFLE","MAE",2.08958702696507
"boston","RaFFLE","MAE",2.03533699432938
"boston","RaFFLE","RMSE",3.27957268523708
"boston","RaFFLE","RMSE",3.06149635933681
"boston","RaFFLE","RMSE",2.82685328334043
"boston","RaFFLE","RMSE",3.72971429750481
"boston","RaFFLE","RMSE",3.38279886750508
"boston","RaFFLE","RMSE",4.12231327532795
"boston","RaFFLE","RMSE",3.02590578527606
"boston","RaFFLE","RMSE",3.64005623710558
"boston","RaFFLE","RMSE",2.83433676956084
"boston","RaFFLE","RMSE",3.28779569660984
"boston","RaFFLE","R2",0.877381612723801
"boston","RaFFLE","R2",0.892985000101928
"boston","RaFFLE","R2",0.895215586748157
"boston","RaFFLE","R2",0.774081754515555
"boston","RaFFLE","R2",0.886455049212972
"boston","RaFFLE","R2",0.80294139844861
"boston","RaFFLE","R2",0.861517167188794
"boston","RaFFLE","R2",0.846701747516028
"boston","RaFFLE","R2",0.911660132525693
"boston","RaFFLE","R2",0.880278324880064
"boston","PRForest","MSE",25.162827453153
"boston","PRForest","MSE",39.0543604277528
"boston","PRForest","MSE",44.2263385589229
"boston","PRForest","MSE",34.1994175282658
"boston","PRForest","MSE",37.8401835578213
"boston","PRForest","MSE",33.2384333894766
"boston","PRForest","MSE",19.7194592797348
"boston","PRForest","MSE",30.2722711280728
"boston","PRForest","MSE",30.8386341409855
"boston","PRForest","MSE",40.6623787212915
"boston","PRForest","MAE",3.68753627500609
"boston","PRForest","MAE",4.41992510497007
"boston","PRForest","MAE",4.18627371140121
"boston","PRForest","MAE",3.64862429915602
"boston","PRForest","MAE",4.10660360183607
"boston","PRForest","MAE",4.37155175428792
"boston","PRForest","MAE",3.14512867110912
"boston","PRForest","MAE",3.80443523737941
"boston","PRForest","MAE",4.22933424893588
"boston","PRForest","MAE",4.26324596620785
"boston","PRForest","RMSE",5.0162563185261
"boston","PRForest","RMSE",6.24934880029534
"boston","PRForest","RMSE",6.65028860719014
"boston","PRForest","RMSE",5.84802680639083
"boston","PRForest","RMSE",6.15143751962265
"boston","PRForest","RMSE",5.76527825776663
"boston","PRForest","RMSE",4.44065977977764
"boston","PRForest","RMSE",5.50202427548923
"boston","PRForest","RMSE",5.55325437387713
"boston","PRForest","RMSE",6.37670594596391
"boston","PRForest","R2",0.713133048564441
"boston","PRForest","R2",0.554090535144425
"boston","PRForest","R2",0.420075930156532
"boston","PRForest","R2",0.444583362111606
"boston","PRForest","R2",0.624535649680351
"boston","PRForest","R2",0.614562507949424
"boston","PRForest","R2",0.701750216102772
"boston","PRForest","R2",0.649759776064733
"boston","PRForest","R2",0.660883456999094
"boston","PRForest","R2",0.549644033961448
"boston","RandomForest","MSE",6.38390120863253
"boston","RandomForest","MSE",10.9043985185339
"boston","RandomForest","MSE",9.84079645344443
"boston","RandomForest","MSE",14.9899448242472
"boston","RandomForest","MSE",10.4509210495568
"boston","RandomForest","MSE",10.9644651018471
"boston","RandomForest","MSE",7.71319165946336
"boston","RandomForest","MSE",10.7831845612794
"boston","RandomForest","MSE",7.81233606372312
"boston","RandomForest","MSE",16.2990820443176
"boston","RandomForest","MAE",1.84986031542847
"boston","RandomForest","MAE",2.43720598444167
"boston","RandomForest","MAE",2.10894768044456
"boston","RandomForest","MAE",2.21247411297143
"boston","RandomForest","MAE",2.14202547553744
"boston","RandomForest","MAE",2.35994709257409
"boston","RandomForest","MAE",1.97461458857559
"boston","RandomForest","MAE",2.37330299247728
"boston","RandomForest","MAE",2.13045942335593
"boston","RandomForest","MAE",2.30492862775122
"boston","RandomForest","RMSE",2.52663832169001
"boston","RandomForest","RMSE",3.30218087307977
"boston","RandomForest","RMSE",3.13700437574518
"boston","RandomForest","RMSE",3.87168501098
"boston","RandomForest","RMSE",3.23278843253882
"boston","RandomForest","RMSE",3.31126336944784
"boston","RandomForest","RMSE",2.77726333995597
"boston","RandomForest","RMSE",3.28377596088396
"boston","RandomForest","RMSE",2.79505564590817
"boston","RandomForest","RMSE",4.03721216241079
"boston","RandomForest","R2",0.927220806906709
"boston","RandomForest","R2",0.875497269582321
"boston","RandomForest","R2",0.870961175721582
"boston","RandomForest","R2",0.756555363858616
"boston","RandomForest","R2",0.896302081195831
"boston","RandomForest","R2",0.872854539171211
"boston","RandomForest","R2",0.883340728923689
"boston","RandomForest","R2",0.875242099956765
"boston","RandomForest","R2",0.914091772463745
"boston","RandomForest","R2",0.819479600789643
"boston","XGBoost","MSE",6.30383356508625
"boston","XGBoost","MSE",7.96600236130941
"boston","XGBoost","MSE",6.84232066683552
"boston","XGBoost","MSE",8.64384085783761
"boston","XGBoost","MSE",9.67196021802338
"boston","XGBoost","MSE",17.9854592437752
"boston","XGBoost","MSE",9.21295927849119
"boston","XGBoost","MSE",8.792722381775
"boston","XGBoost","MSE",6.95863806850528
"boston","XGBoost","MSE",6.25021194099379
"boston","XGBoost","MAE",2.03002893741314
"boston","XGBoost","MAE",2.13295337236845
"boston","XGBoost","MAE",1.8292036652565
"boston","XGBoost","MAE",2.10344203500187
"boston","XGBoost","MAE",2.16553337807749
"boston","XGBoost","MAE",2.40055679321289
"boston","XGBoost","MAE",1.92714380750469
"boston","XGBoost","MAE",2.03758171679927
"boston","XGBoost","MAE",1.92651499144885
"boston","XGBoost","MAE",1.68612926894543
"boston","XGBoost","RMSE",2.51074362790912
"boston","XGBoost","RMSE",2.82241073575577
"boston","XGBoost","RMSE",2.61578299307024
"boston","XGBoost","RMSE",2.94004096193193
"boston","XGBoost","RMSE",3.10997752693221
"boston","XGBoost","RMSE",4.24092669634542
"boston","XGBoost","RMSE",3.03528569964858
"boston","XGBoost","RMSE",2.96525249882282
"boston","XGBoost","RMSE",2.63792305962575
"boston","XGBoost","RMSE",2.50004238783941
"boston","XGBoost","R2",0.928133612149105
"boston","XGBoost","R2",0.909046882062226
"boston","XGBoost","R2",0.910279110195869
"boston","XGBoost","R2",0.859619450426764
"boston","XGBoost","R2",0.904031219773852
"boston","XGBoost","R2",0.791438115537258
"boston","XGBoost","R2",0.860657278940312
"boston","XGBoost","R2",0.898271092942951
"boston","XGBoost","R2",0.923479448700687
"boston","XGBoost","R2",0.930775809848083
"boston","LightGBM","MSE",8.13808433621474
"boston","LightGBM","MSE",10.3338899387067
"boston","LightGBM","MSE",6.81732206514998
"boston","LightGBM","MSE",12.9710867786926
"boston","LightGBM","MSE",9.01767000747686
"boston","LightGBM","MSE",14.1522876117779
"boston","LightGBM","MSE",9.95972851643353
"boston","LightGBM","MSE",11.5306438154773
"boston","LightGBM","MSE",8.7381335527267
"boston","LightGBM","MSE",13.5546532844324
"boston","LightGBM","MAE",2.16002876672682
"boston","LightGBM","MAE",2.17636675632542
"boston","LightGBM","MAE",1.81927177187898
"boston","LightGBM","MAE",2.23498317746618
"boston","LightGBM","MAE",2.06917398924045
"boston","LightGBM","MAE",2.21829153911353
"boston","LightGBM","MAE",2.06737184579212
"boston","LightGBM","MAE",2.44598053642072
"boston","LightGBM","MAE",2.15424921743434
"boston","LightGBM","MAE",2.04744785099807
"boston","LightGBM","RMSE",2.85273278387842
"boston","LightGBM","RMSE",3.21463682843128
"boston","LightGBM","RMSE",2.61100020397356
"boston","LightGBM","RMSE",3.60153950119843
"boston","LightGBM","RMSE",3.00294355715802
"boston","LightGBM","RMSE",3.76195263284612
"boston","LightGBM","RMSE",3.15590375588888
"boston","LightGBM","RMSE",3.39568016978592
"boston","LightGBM","RMSE",2.9560334153603
"boston","LightGBM","RMSE",3.68166447200616
"boston","LightGBM","R2",0.907222372032644
"boston","LightGBM","R2",0.882011143391543
"boston","LightGBM","R2",0.910606907868076
"boston","LightGBM","R2",0.789342686833023
"boston","LightGBM","R2",0.910523330163538
"boston","LightGBM","R2",0.83588810639947
"boston","LightGBM","R2",0.849362660732079
"boston","LightGBM","R2",0.866594242137799
"boston","LightGBM","R2",0.903911255306127
"boston","LightGBM","R2",0.849875507380688
"diamonds","RaFFLE","MSE",1769681.52848925
"diamonds","RaFFLE","MSE",1918933.73202376
"diamonds","RaFFLE","MSE",2152763.21909471
"diamonds","RaFFLE","MSE",1908901.06068532
"diamonds","RaFFLE","MSE",1722064.47328351
"diamonds","RaFFLE","MSE",1513810.35454266
"diamonds","RaFFLE","MSE",1830018.23903377
"diamonds","RaFFLE","MSE",1873427.50353059
"diamonds","RaFFLE","MSE",1438660.94198975
"diamonds","RaFFLE","MSE",1864352.22323394
"diamonds","RaFFLE","MAE",772.222137936912
"diamonds","RaFFLE","MAE",808.833631133739
"diamonds","RaFFLE","MAE",784.53803537797
"diamonds","RaFFLE","MAE",778.328668645991
"diamonds","RaFFLE","MAE",766.971824693456
"diamonds","RaFFLE","MAE",701.157618491831
"diamonds","RaFFLE","MAE",737.47351336344
"diamonds","RaFFLE","MAE",796.666819051875
"diamonds","RaFFLE","MAE",727.725286030654
"diamonds","RaFFLE","MAE",776.57863479461
"diamonds","RaFFLE","RMSE",1330.29377525765
"diamonds","RaFFLE","RMSE",1385.25583630742
"diamonds","RaFFLE","RMSE",1467.22977719739
"diamonds","RaFFLE","RMSE",1381.62985661331
"diamonds","RaFFLE","RMSE",1312.27454188653
"diamonds","RaFFLE","RMSE",1230.37000716966
"diamonds","RaFFLE","RMSE",1352.78166717093
"diamonds","RaFFLE","RMSE",1368.73207879796
"diamonds","RaFFLE","RMSE",1199.44192939456
"diamonds","RaFFLE","RMSE",1365.41283985245
"diamonds","RaFFLE","R2",0.88690917401374
"diamonds","RaFFLE","R2",0.876228532970549
"diamonds","RaFFLE","R2",0.866146141678636
"diamonds","RaFFLE","R2",0.882391388793877
"diamonds","RaFFLE","R2",0.887983791626784
"diamonds","RaFFLE","R2",0.902699325450694
"diamonds","RaFFLE","R2",0.881656459698722
"diamonds","RaFFLE","R2",0.878321373960749
"diamonds","RaFFLE","R2",0.904553610476613
"diamonds","RaFFLE","R2",0.886525639391054
"diamonds","PRForest","MSE",2009498.07833627
"diamonds","PRForest","MSE",2142275.8718407
"diamonds","PRForest","MSE",2351400.63995933
"diamonds","PRForest","MSE",2001973.51233965
"diamonds","PRForest","MSE",2015223.29662776
"diamonds","PRForest","MSE",1704215.94683298
"diamonds","PRForest","MSE",1793293.57832347
"diamonds","PRForest","MSE",2095905.87010062
"diamonds","PRForest","MSE",1601568.27029773
"diamonds","PRForest","MSE",2049519.28380439
"diamonds","PRForest","MAE",837.356671723084
"diamonds","PRForest","MAE",873.405897852921
"diamonds","PRForest","MAE",839.610518096747
"diamonds","PRForest","MAE",820.651554407328
"diamonds","PRForest","MAE",844.921685807366
"diamonds","PRForest","MAE",764.864241164469
"diamonds","PRForest","MAE",792.367943782634
"diamonds","PRForest","MAE",865.352815713279
"diamonds","PRForest","MAE",802.261393507055
"diamonds","PRForest","MAE",847.388412589053
"diamonds","PRForest","RMSE",1417.56766270124
"diamonds","PRForest","RMSE",1463.65155410729
"diamonds","PRForest","RMSE",1533.42774200786
"diamonds","PRForest","RMSE",1414.91113231172
"diamonds","PRForest","RMSE",1419.58560736144
"diamonds","PRForest","RMSE",1305.45622172212
"diamonds","PRForest","RMSE",1339.13911836055
"diamonds","PRForest","RMSE",1447.72437642689
"diamonds","PRForest","RMSE",1265.53082550277
"diamonds","PRForest","RMSE",1431.61422310774
"diamonds","PRForest","R2",0.871583788473593
"diamonds","PRForest","R2",0.861822936866151
"diamonds","PRForest","R2",0.853795324387678
"diamonds","PRForest","R2",0.876657135717039
"diamonds","PRForest","R2",0.868914505690258
"diamonds","PRForest","R2",0.890460941354421
"diamonds","PRForest","R2",0.884031368468546
"diamonds","PRForest","R2",0.863871462279255
"diamonds","PRForest","R2",0.893745701635776
"diamonds","PRForest","R2",0.875255390377903
"diamonds","RandomForest","MSE",1870783.36528153
"diamonds","RandomForest","MSE",2057718.9869548
"diamonds","RandomForest","MSE",2327547.12322763
"diamonds","RandomForest","MSE",2039082.62073754
"diamonds","RandomForest","MSE",1765675.89901222
"diamonds","RandomForest","MSE",1728828.20624157
"diamonds","RandomForest","MSE",1891145.01514344
"diamonds","RandomForest","MSE",1920202.92231867
"diamonds","RandomForest","MSE",1628565.67272482
"diamonds","RandomForest","MSE",1953888.75520985
"diamonds","RandomForest","MAE",791.731133809325
"diamonds","RandomForest","MAE",834.937309072629
"diamonds","RandomForest","MAE",814.886624987967
"diamonds","RandomForest","MAE",805.045988001161
"diamonds","RandomForest","MAE",774.056666415922
"diamonds","RandomForest","MAE",734.068864575293
"diamonds","RandomForest","MAE",771.123726085168
"diamonds","RandomForest","MAE",804.232570141849
"diamonds","RandomForest","MAE",758.308595085818
"diamonds","RandomForest","MAE",789.458948161984
"diamonds","RandomForest","RMSE",1367.76582984133
"diamonds","RandomForest","RMSE",1434.47516080091
"diamonds","RandomForest","RMSE",1525.63007417514
"diamonds","RandomForest","RMSE",1427.96450261816
"diamonds","RandomForest","RMSE",1328.78737915899
"diamonds","RandomForest","RMSE",1314.84911919261
"diamonds","RandomForest","RMSE",1375.18908341487
"diamonds","RandomForest","RMSE",1385.71386740505
"diamonds","RandomForest","RMSE",1276.15268393904
"diamonds","RandomForest","RMSE",1397.81570860033
"diamonds","RandomForest","R2",0.88044829953011
"diamonds","RandomForest","R2",0.867276866574673
"diamonds","RandomForest","R2",0.855278481114229
"diamonds","RandomForest","R2",0.874370819892893
"diamonds","RandomForest","R2",0.885146971851642
"diamonds","RandomForest","R2",0.888878980023893
"diamonds","RandomForest","R2",0.877703515986073
"diamonds","RandomForest","R2",0.875283322752566
"diamonds","RandomForest","R2",0.891954588446444
"diamonds","RandomForest","R2",0.881075971355964
"diamonds","XGBoost","MSE",1758797.69341919
"diamonds","XGBoost","MSE",1910263.61113816
"diamonds","XGBoost","MSE",2165822.23378186
"diamonds","XGBoost","MSE",1860269.1307835
"diamonds","XGBoost","MSE",1698477.4160868
"diamonds","XGBoost","MSE",1555188.98152458
"diamonds","XGBoost","MSE",1772966.39849635
"diamonds","XGBoost","MSE",1902700.30129857
"diamonds","XGBoost","MSE",1468451.1555425
"diamonds","XGBoost","MSE",1883337.56938792
"diamonds","XGBoost","MAE",766.143897277832
"diamonds","XGBoost","MAE",807.541916412354
"diamonds","XGBoost","MAE",786.616941680908
"diamonds","XGBoost","MAE",775.907413757324
"diamonds","XGBoost","MAE",764.954371704102
"diamonds","XGBoost","MAE",713.250294158936
"diamonds","XGBoost","MAE",731.533133270264
"diamonds","XGBoost","MAE",793.72592980957
"diamonds","XGBoost","MAE",738.811286407471
"diamonds","XGBoost","MAE",783.556638183594
"diamonds","XGBoost","RMSE",1326.19670238588
"diamonds","XGBoost","RMSE",1382.12286398068
"diamonds","XGBoost","RMSE",1471.67327684574
"diamonds","XGBoost","RMSE",1363.91683426208
"diamonds","XGBoost","RMSE",1303.25646596777
"diamonds","XGBoost","RMSE",1247.07216371972
"diamonds","XGBoost","RMSE",1331.52784368047
"diamonds","XGBoost","RMSE",1379.38402966635
"diamonds","XGBoost","RMSE",1211.79666427273
"diamonds","XGBoost","RMSE",1372.34746671093
"diamonds","XGBoost","R2",0.887604701360416
"diamonds","XGBoost","R2",0.876787756857974
"diamonds","XGBoost","R2",0.865334162225324
"diamonds","XGBoost","R2",0.885387632996274
"diamonds","XGBoost","R2",0.889518073736919
"diamonds","XGBoost","R2",0.900039700151406
"diamonds","XGBoost","R2",0.885345885654098
"diamonds","XGBoost","R2",0.87642011340702
"diamonds","XGBoost","R2",0.902577211282229
"diamonds","XGBoost","R2",0.885370090568834
"diamonds","LightGBM","MSE",1764440.82857594
"diamonds","LightGBM","MSE",1943529.62699145
"diamonds","LightGBM","MSE",2166796.79816019
"diamonds","LightGBM","MSE",1897170.34752685
"diamonds","LightGBM","MSE",1721918.52234406
"diamonds","LightGBM","MSE",1573291.35121949
"diamonds","LightGBM","MSE",1791373.79091227
"diamonds","LightGBM","MSE",1862046.24703969
"diamonds","LightGBM","MSE",1453579.50561053
"diamonds","LightGBM","MSE",1823858.95057164
"diamonds","LightGBM","MAE",770.568435461711
"diamonds","LightGBM","MAE",817.282938461813
"diamonds","LightGBM","MAE",794.595747303011
"diamonds","LightGBM","MAE",780.63482618878
"diamonds","LightGBM","MAE",769.626207584246
"diamonds","LightGBM","MAE",711.362431542026
"diamonds","LightGBM","MAE",747.932153699773
"diamonds","LightGBM","MAE",790.734159734012
"diamonds","LightGBM","MAE",736.420839075177
"diamonds","LightGBM","MAE",777.287723712914
"diamonds","LightGBM","RMSE",1328.32256194643
"diamonds","LightGBM","RMSE",1394.105314168
"diamonds","LightGBM","RMSE",1472.00434719473
"diamonds","LightGBM","RMSE",1377.378069931
"diamonds","LightGBM","RMSE",1312.21893079778
"diamonds","LightGBM","RMSE",1254.30911310549
"diamonds","LightGBM","RMSE",1338.42212732466
"diamonds","LightGBM","RMSE",1364.56815404716
"diamonds","LightGBM","RMSE",1205.64485053043
"diamonds","LightGBM","RMSE",1350.50322123705
"diamonds","LightGBM","R2",0.887244078951381
"diamonds","LightGBM","R2",0.874642094652097
"diamonds","LightGBM","R2",0.865273566057076
"diamonds","LightGBM","R2",0.883114125509488
"diamonds","LightGBM","R2",0.887993285389125
"diamonds","LightGBM","R2",0.898876164192645
"diamonds","LightGBM","R2",0.88415551719779
"diamonds","LightGBM","R2",0.879060583591121
"diamonds","LightGBM","R2",0.903563854660688
"diamonds","LightGBM","R2",0.888990274649915
"ozone","RaFFLE","MSE",24.7002334725513
"ozone","RaFFLE","MSE",17.7555669464133
"ozone","RaFFLE","MSE",16.1541737268754
"ozone","RaFFLE","MSE",16.1393809591398
"ozone","RaFFLE","MSE",14.2046968761788
"ozone","RaFFLE","MSE",20.4995069278564
"ozone","RaFFLE","MSE",27.1065824466726
"ozone","RaFFLE","MSE",16.9024729298499
"ozone","RaFFLE","MSE",15.0930115001227
"ozone","RaFFLE","MSE",10.8773014420518
"ozone","RaFFLE","MAE",3.66295913717448
"ozone","RaFFLE","MAE",2.83269405106416
"ozone","RaFFLE","MAE",3.20415989895176
"ozone","RaFFLE","MAE",3.24814939931474
"ozone","RaFFLE","MAE",3.06773409966247
"ozone","RaFFLE","MAE",3.23052141860027
"ozone","RaFFLE","MAE",4.22209739175483
"ozone","RaFFLE","MAE",3.41525203611732
"ozone","RaFFLE","MAE",2.75971801194939
"ozone","RaFFLE","MAE",2.49821819117552
"ozone","RaFFLE","RMSE",4.96993294447232
"ozone","RaFFLE","RMSE",4.21373550978384
"ozone","RaFFLE","RMSE",4.01922551331415
"ozone","RaFFLE","RMSE",4.01738484080625
"ozone","RaFFLE","RMSE",3.76891189551823
"ozone","RaFFLE","RMSE",4.527638118032
"ozone","RaFFLE","RMSE",5.2063982220603
"ozone","RaFFLE","RMSE",4.11126171994072
"ozone","RaFFLE","RMSE",3.88497252244115
"ozone","RaFFLE","RMSE",3.29807541485209
"ozone","RaFFLE","R2",0.63279385917627
"ozone","RaFFLE","R2",0.684008418821618
"ozone","RaFFLE","R2",0.774217495693415
"ozone","RaFFLE","R2",0.610044542900467
"ozone","RaFFLE","R2",0.732125842700885
"ozone","RaFFLE","R2",0.551310381880025
"ozone","RaFFLE","R2",0.663940212662129
"ozone","RaFFLE","R2",0.783931827939664
"ozone","RaFFLE","R2",0.828911729602248
"ozone","RaFFLE","R2",0.839827691915008
"ozone","PRForest","MSE",23.5834997065374
"ozone","PRForest","MSE",445745787.891955
"ozone","PRForest","MSE",16.2332874710908
"ozone","PRForest","MSE",3230321.64984032
"ozone","PRForest","MSE",33796689.5729608
"ozone","PRForest","MSE",6184.17577238405
"ozone","PRForest","MSE",27.2772052464835
"ozone","PRForest","MSE",22310739.9596097
"ozone","PRForest","MSE",17.3346245123541
"ozone","PRForest","MSE",15.4990693857831
"ozone","PRForest","MAE",3.66543000744741
"ozone","PRForest","MAE",21065.1860905554
"ozone","PRForest","MAE",3.40683629412117
"ozone","PRForest","MAE",1768.23902060401
"ozone","PRForest","MAE",4565.630452773
"ozone","PRForest","MAE",57.0764938169143
"ozone","PRForest","MAE",4.18369051963616
"ozone","PRForest","MAE",3707.97160227717
"ozone","PRForest","MAE",3.61894873313992
"ozone","PRForest","MAE",2.98964020658329
"ozone","PRForest","RMSE",4.85628455782169
"ozone","PRForest","RMSE",21112.692577972
"ozone","PRForest","RMSE",4.02905540680329
"ozone","PRForest","RMSE",1797.30955871278
"ozone","PRForest","RMSE",5813.49202914744
"ozone","PRForest","RMSE",78.6395305961578
"ozone","PRForest","RMSE",5.2227583944199
"ozone","PRForest","RMSE",4723.42460081769
"ozone","PRForest","RMSE",4.16348706162925
"ozone","PRForest","RMSE",3.93688574710812
"ozone","PRForest","R2",0.649395787129753
"ozone","PRForest","R2",-7932830.24918946
"ozone","PRForest","R2",0.773111744350385
"ozone","PRForest","R2",-78049.1779300669
"ozone","PRForest","R2",-637341.691489525
"ozone","PRForest","R2",-134.35815644069
"ozone","PRForest","R2",0.661824879165838
"ozone","PRForest","R2",-285202.284773382
"ozone","PRForest","R2",0.80350171165052
"ozone","PRForest","R2",0.771770440497966
"ozone","RandomForest","MSE",25.3958417195767
"ozone","RandomForest","MSE",17.4327365333333
"ozone","RandomForest","MSE",14.3298443041667
"ozone","RandomForest","MSE",16.13109705291
"ozone","RandomForest","MSE",14.8893843333333
"ozone","RandomForest","MSE",22.8178302777778
"ozone","RandomForest","MSE",30.0958261861111
"ozone","RandomForest","MSE",14.0425648819444
"ozone","RandomForest","MSE",13.3268016137566
"ozone","RandomForest","MSE",11.6239946111111
"ozone","RandomForest","MAE",3.74488888888889
"ozone","RandomForest","MAE",2.92528333333333
"ozone","RandomForest","MAE",3.047725
"ozone","RandomForest","MAE",3.40934920634921
"ozone","RandomForest","MAE",3.08263333333333
"ozone","RandomForest","MAE",3.608
"ozone","RandomForest","MAE",4.12006666666667
"ozone","RandomForest","MAE",3.08304166666667
"ozone","RandomForest","MAE",2.73579365079365
"ozone","RandomForest","MAE",2.5204
"ozone","RandomForest","RMSE",5.03942870964326
"ozone","RandomForest","RMSE",4.1752528705856
"ozone","RandomForest","RMSE",3.78547808132165
"ozone","RandomForest","RMSE",4.01635370117101
"ozone","RandomForest","RMSE",3.85867650021783
"ozone","RandomForest","RMSE",4.77680126002514
"ozone","RandomForest","RMSE",5.48596629465686
"ozone","RandomForest","RMSE",3.74734104158461
"ozone","RandomForest","RMSE",3.65058921460038
"ozone","RandomForest","RMSE",3.40939798367851
"ozone","RandomForest","R2",0.622452595795128
"ozone","RandomForest","R2",0.689753754523343
"ozone","RandomForest","R2",0.799715653179123
"ozone","RandomForest","R2",0.610244696453357
"ozone","RandomForest","R2",0.719213911021011
"ozone","RandomForest","R2",0.500567326341389
"ozone","RandomForest","R2",0.626880409296912
"ozone","RandomForest","R2",0.820490685731431
"ozone","RandomForest","R2",0.848932770109329
"ozone","RandomForest","R2",0.828832357368412
"ozone","XGBoost","MSE",27.0727163859118
"ozone","XGBoost","MSE",16.3689225027818
"ozone","XGBoost","MSE",14.6471074675602
"ozone","XGBoost","MSE",20.2584422847635
"ozone","XGBoost","MSE",15.2212059776376
"ozone","XGBoost","MSE",22.500171527746
"ozone","XGBoost","MSE",36.6734574028918
"ozone","XGBoost","MSE",22.6493332450943
"ozone","XGBoost","MSE",11.3184958630845
"ozone","XGBoost","MSE",14.4973164906788
"ozone","XGBoost","MAE",4.06213823954264
"ozone","XGBoost","MAE",3.05938197374344
"ozone","XGBoost","MAE",3.07532169818878
"ozone","XGBoost","MAE",3.55936346735273
"ozone","XGBoost","MAE",3.15908521413803
"ozone","XGBoost","MAE",3.68686982393265
"ozone","XGBoost","MAE",4.30639612674713
"ozone","XGBoost","MAE",3.65488413572311
"ozone","XGBoost","MAE",2.44351233754839
"ozone","XGBoost","MAE",2.70221033096313
"ozone","XGBoost","RMSE",5.20314485536505
"ozone","XGBoost","RMSE",4.04585250630591
"ozone","XGBoost","RMSE",3.82715396444409
"ozone","XGBoost","RMSE",4.50093793389372
"ozone","XGBoost","RMSE",3.90143639928138
"ozone","XGBoost","RMSE",4.74343457083009
"ozone","XGBoost","RMSE",6.05586140882466
"ozone","XGBoost","RMSE",4.75913156417158
"ozone","XGBoost","RMSE",3.36429723167922
"ozone","XGBoost","RMSE",3.80753417459106
"ozone","XGBoost","R2",0.597523330427889
"ozone","XGBoost","R2",0.708686198562345
"ozone","XGBoost","R2",0.795281352003073
"ozone","XGBoost","R2",0.510520871817845
"ozone","XGBoost","R2",0.712956372115645
"ozone","XGBoost","R2",0.507520185439211
"ozone","XGBoost","R2",0.545332786971339
"ozone","XGBoost","R2",0.710468399922096
"ozone","XGBoost","R2",0.871698111360779
"ozone","XGBoost","R2",0.786521624345769
"ozone","LightGBM","MSE",34.37074520493
"ozone","LightGBM","MSE",15.0631239481127
"ozone","LightGBM","MSE",14.3577472194702
"ozone","LightGBM","MSE",20.679658053151
"ozone","LightGBM","MSE",13.323295157266
"ozone","LightGBM","MSE",20.9196553498119
"ozone","LightGBM","MSE",25.7618533440053
"ozone","LightGBM","MSE",17.4400173836701
"ozone","LightGBM","MSE",12.3058726334291
"ozone","LightGBM","MSE",9.26981981005195
"ozone","LightGBM","MAE",4.35776123904604
"ozone","LightGBM","MAE",2.86127299748199
"ozone","LightGBM","MAE",2.81858526678275
"ozone","LightGBM","MAE",3.69157134109116
"ozone","LightGBM","MAE",2.94628244990997
"ozone","LightGBM","MAE",3.42303846324619
"ozone","LightGBM","MAE",4.00705985256096
"ozone","LightGBM","MAE",3.36905079991572
"ozone","LightGBM","MAE",2.64829818665585
"ozone","LightGBM","MAE",1.88107110630691
"ozone","LightGBM","RMSE",5.86265683840782
"ozone","LightGBM","RMSE",3.88112405729483
"ozone","LightGBM","RMSE",3.78916180961835
"ozone","LightGBM","RMSE",4.54748920319235
"ozone","LightGBM","RMSE",3.65010892402762
"ozone","LightGBM","RMSE",4.57380097400531
"ozone","LightGBM","RMSE",5.07561359285804
"ozone","LightGBM","RMSE",4.17612468488072
"ozone","LightGBM","RMSE",3.50797272415695
"ozone","LightGBM","RMSE",3.04463787831196
"ozone","LightGBM","R2",0.48902714956263
"ozone","LightGBM","R2",0.731925183340226
"ozone","LightGBM","R2",0.799325661700685
"ozone","LightGBM","R2",0.50034356774931
"ozone","LightGBM","R2",0.748747439399066
"ozone","LightGBM","R2",0.542114246789342
"ozone","LightGBM","R2",0.680611785965717
"ozone","LightGBM","R2",0.777060274408998
"ozone","LightGBM","R2",0.860505607872141
"ozone","LightGBM","R2",0.863498456633015
"diabetes","RaFFLE","MSE",3149.86382061587
"diabetes","RaFFLE","MSE",2569.18161231415
"diabetes","RaFFLE","MSE",3966.58136026836
"diabetes","RaFFLE","MSE",3279.82914691678
"diabetes","RaFFLE","MSE",3972.36729983313
"diabetes","RaFFLE","MSE",2630.9805721439
"diabetes","RaFFLE","MSE",3720.9822323104
"diabetes","RaFFLE","MSE",2844.12971287717
"diabetes","RaFFLE","MSE",2936.50646083586
"diabetes","RaFFLE","MSE",2788.37487198756
"diabetes","RaFFLE","MAE",43.959603344625
"diabetes","RaFFLE","MAE",44.6619865578772
"diabetes","RaFFLE","MAE",53.5718982613552
"diabetes","RaFFLE","MAE",45.0886093807525
"diabetes","RaFFLE","MAE",51.0354353521111
"diabetes","RaFFLE","MAE",42.4717291344137
"diabetes","RaFFLE","MAE",51.3759791137145
"diabetes","RaFFLE","MAE",45.1360397809657
"diabetes","RaFFLE","MAE",44.7060788666044
"diabetes","RaFFLE","MAE",41.9653234305291
"diabetes","RaFFLE","RMSE",56.1236476061194
"diabetes","RaFFLE","RMSE",50.6870951260195
"diabetes","RaFFLE","RMSE",62.9808015213236
"diabetes","RaFFLE","RMSE",57.2697926215626
"diabetes","RaFFLE","RMSE",63.026718935965
"diabetes","RaFFLE","RMSE",51.2930850324281
"diabetes","RaFFLE","RMSE",60.9998543630262
"diabetes","RaFFLE","RMSE",53.330382643266
"diabetes","RaFFLE","RMSE",54.1895419876922
"diabetes","RaFFLE","RMSE",52.8050648327181
"diabetes","RaFFLE","R2",0.414243838487035
"diabetes","RaFFLE","R2",0.284706616414255
"diabetes","RaFFLE","R2",0.364362900556743
"diabetes","RaFFLE","R2",0.460528155431214
"diabetes","RaFFLE","R2",0.341435624686984
"diabetes","RaFFLE","R2",0.519394119660711
"diabetes","RaFFLE","R2",0.477001424650807
"diabetes","RaFFLE","R2",0.593300910267576
"diabetes","RaFFLE","R2",0.366796419693689
"diabetes","RaFFLE","R2",0.572567133844131
"diabetes","PRForest","MSE",3037.08985137154
"diabetes","PRForest","MSE",2987.61307434713
"diabetes","PRForest","MSE",4272.41706748907
"diabetes","PRForest","MSE",4099.96256860319
"diabetes","PRForest","MSE",4634.99939781918
"diabetes","PRForest","MSE",8152.30371614266
"diabetes","PRForest","MSE",4748.26326902173
"diabetes","PRForest","MSE",4518.75358765631
"diabetes","PRForest","MSE",3488.67646284861
"diabetes","PRForest","MSE",3946.51115726595
"diabetes","PRForest","MAE",47.7317710751451
"diabetes","PRForest","MAE",48.0655318294142
"diabetes","PRForest","MAE",54.8561129096025
"diabetes","PRForest","MAE",56.0210758220624
"diabetes","PRForest","MAE",59.3739201176322
"diabetes","PRForest","MAE",64.4088363398883
"diabetes","PRForest","MAE",58.5029293885421
"diabetes","PRForest","MAE",59.1125307333204
"diabetes","PRForest","MAE",47.9980951868454
"diabetes","PRForest","MAE",54.7947958007228
"diabetes","PRForest","RMSE",55.1097981430847
"diabetes","PRForest","RMSE",54.6590621429524
"diabetes","PRForest","RMSE",65.3637289900834
"diabetes","PRForest","RMSE",64.0309500835588
"diabetes","PRForest","RMSE",68.0808298849183
"diabetes","PRForest","RMSE",90.2901086284797
"diabetes","PRForest","RMSE",68.9076430377772
"diabetes","PRForest","RMSE",67.2216749840132
"diabetes","PRForest","RMSE",59.0650189439452
"diabetes","PRForest","RMSE",62.8212635758463
"diabetes","PRForest","R2",0.435215553807167
"diabetes","PRForest","R2",0.168209886544424
"diabetes","PRForest","R2",0.315353311646963
"diabetes","PRForest","R2",0.325631223313395
"diabetes","PRForest","R2",0.231580251118969
"diabetes","PRForest","R2",-0.48919575681143
"diabetes","PRForest","R2",0.332613065572384
"diabetes","PRForest","R2",0.353836443357633
"diabetes","PRForest","R2",0.247731119863667
"diabetes","PRForest","R2",0.395035225638833
"diabetes","RandomForest","MSE",3028.81140598927
"diabetes","RandomForest","MSE",2637.80272240341
"diabetes","RandomForest","MSE",4260.03577805808
"diabetes","RandomForest","MSE",3725.84888709659
"diabetes","RandomForest","MSE",4061.80469598765
"diabetes","RandomForest","MSE",2462.27301552651
"diabetes","RandomForest","MSE",3391.68491127589
"diabetes","RandomForest","MSE",2927.18604510669
"diabetes","RandomForest","MSE",2996.30099090025
"diabetes","RandomForest","MSE",2727.11849003457
"diabetes","RandomForest","MAE",43.6566022727273
"diabetes","RandomForest","MAE",44.9988522727273
"diabetes","RandomForest","MAE",53.7433257575758
"diabetes","RandomForest","MAE",48.7983977272727
"diabetes","RandomForest","MAE",52.1278074074074
"diabetes","RandomForest","MAE",41.7343106060606
"diabetes","RandomForest","MAE",50.2953901515152
"diabetes","RandomForest","MAE",45.193375
"diabetes","RandomForest","MAE",45.4169924242424
"diabetes","RandomForest","MAE",40.4545777777778
"diabetes","RandomForest","RMSE",55.0346382380158
"diabetes","RandomForest","RMSE",51.3595436350773
"diabetes","RandomForest","RMSE",65.2689495706655
"diabetes","RandomForest","RMSE",61.0397320365726
"diabetes","RandomForest","RMSE",63.7322892730808
"diabetes","RandomForest","RMSE",49.6212959879779
"diabetes","RandomForest","RMSE",58.2381740036197
"diabetes","RandomForest","RMSE",54.103475351466
"diabetes","RandomForest","RMSE",54.738478156597
"diabetes","RandomForest","RMSE",52.221820056702
"diabetes","RandomForest","R2",0.436755033183601
"diabetes","RandomForest","R2",0.265601612009002
"diabetes","RandomForest","R2",0.317337389669441
"diabetes","RandomForest","R2",0.387166074307238
"diabetes","RandomForest","R2",0.326608122977713
"diabetes","RandomForest","R2",0.550212227793648
"diabetes","RandomForest","R2",0.523285448334635
"diabetes","RandomForest","R2",0.581424189398861
"diabetes","RandomForest","R2",0.353902829632004
"diabetes","RandomForest","R2",0.581957187947525
"diabetes","XGBoost","MSE",3718.50114236483
"diabetes","XGBoost","MSE",2745.58191283527
"diabetes","XGBoost","MSE",4690.64702067177
"diabetes","XGBoost","MSE",3504.45686102859
"diabetes","XGBoost","MSE",4397.76107100726
"diabetes","XGBoost","MSE",2797.4046073208
"diabetes","XGBoost","MSE",3821.18076840703
"diabetes","XGBoost","MSE",2879.02343341371
"diabetes","XGBoost","MSE",3342.7559998782
"diabetes","XGBoost","MSE",2724.068373385
"diabetes","XGBoost","MAE",46.6369642777876
"diabetes","XGBoost","MAE",43.6788956902244
"diabetes","XGBoost","MAE",54.8695537393743
"diabetes","XGBoost","MAE",43.8939534967596
"diabetes","XGBoost","MAE",52.7119259304471
"diabetes","XGBoost","MAE",42.6602982607755
"diabetes","XGBoost","MAE",52.5043848211115
"diabetes","XGBoost","MAE",42.9048884131692
"diabetes","XGBoost","MAE",47.2697871815075
"diabetes","XGBoost","MAE",40.8996381971571
"diabetes","XGBoost","RMSE",60.9795141204391
"diabetes","XGBoost","RMSE",52.3983006674383
"diabetes","XGBoost","RMSE",68.4882984214951
"diabetes","XGBoost","RMSE",59.1984531979392
"diabetes","XGBoost","RMSE",66.3156170973871
"diabetes","XGBoost","RMSE",52.8904963799811
"diabetes","XGBoost","RMSE",61.815700015506
"diabetes","XGBoost","RMSE",53.6565320665966
"diabetes","XGBoost","RMSE",57.8165720177027
"diabetes","XGBoost","RMSE",52.1926084171408
"diabetes","XGBoost","R2",0.308498690807743
"diabetes","XGBoost","R2",0.23559449167363
"diabetes","XGBoost","R2",0.248332759136889
"diabetes","XGBoost","R2",0.423581009148584
"diabetes","XGBoost","R2",0.27091113336235
"diabetes","XGBoost","R2",0.488993146433214
"diabetes","XGBoost","R2",0.462918129338194
"diabetes","XGBoost","R2",0.588311248820232
"diabetes","XGBoost","R2",0.279196182455941
"diabetes","XGBoost","R2",0.582424743481299
"diabetes","LightGBM","MSE",3380.08808242029
"diabetes","LightGBM","MSE",2613.58162626303
"diabetes","LightGBM","MSE",4265.37631395442
"diabetes","LightGBM","MSE",3510.92209665558
"diabetes","LightGBM","MSE",3888.72062433722
"diabetes","LightGBM","MSE",2616.30630939488
"diabetes","LightGBM","MSE",3501.96789845955
"diabetes","LightGBM","MSE",3068.7665754349
"diabetes","LightGBM","MSE",3462.3058134618
"diabetes","LightGBM","MSE",2900.88711047754
"diabetes","LightGBM","MAE",44.672514893326
"diabetes","LightGBM","MAE",44.008380497488
"diabetes","LightGBM","MAE",52.8337623021682
"diabetes","LightGBM","MAE",44.2385480642483
"diabetes","LightGBM","MAE",49.4193202210093
"diabetes","LightGBM","MAE",43.719038089232
"diabetes","LightGBM","MAE",50.3588717102079
"diabetes","LightGBM","MAE",44.1140959380469
"diabetes","LightGBM","MAE",48.0189308851277
"diabetes","LightGBM","MAE",41.3022245363446
"diabetes","LightGBM","RMSE",58.1385249419031
"diabetes","LightGBM","RMSE",51.1232004696794
"diabetes","LightGBM","RMSE",65.3098485219069
"diabetes","LightGBM","RMSE",59.2530344932272
"diabetes","LightGBM","RMSE",62.3596073138472
"diabetes","LightGBM","RMSE",51.1498417338204
"diabetes","LightGBM","RMSE",59.1774272713807
"diabetes","LightGBM","RMSE",55.3964491229799
"diabetes","LightGBM","RMSE",58.841361417474
"diabetes","LightGBM","RMSE",53.8598840555523
"diabetes","LightGBM","R2",0.371430787650015
"diabetes","LightGBM","R2",0.272345078383419
"diabetes","LightGBM","R2",0.31648157897547
"diabetes","LightGBM","R2",0.422517596259367
"diabetes","LightGBM","R2",0.355303103808889
"diabetes","LightGBM","R2",0.522074693223851
"diabetes","LightGBM","R2",0.507784744063199
"diabetes","LightGBM","R2",0.561178744000358
"diabetes","LightGBM","R2",0.253417465127822
"diabetes","LightGBM","R2",0.55532001651478
"lifecyclesavings","RaFFLE","MSE",15.5749950627247
"lifecyclesavings","RaFFLE","MSE",9.41896288616875
"lifecyclesavings","RaFFLE","MSE",21.2122661551626
"lifecyclesavings","RaFFLE","MSE",7.69087099026357
"lifecyclesavings","RaFFLE","MSE",11.9047307748057
"lifecyclesavings","RaFFLE","MSE",30.4094570536897
"lifecyclesavings","RaFFLE","MSE",10.5238120881979
"lifecyclesavings","RaFFLE","MSE",41.6409579201169
"lifecyclesavings","RaFFLE","MSE",5.17909335528881
"lifecyclesavings","RaFFLE","MSE",8.6136833270682
"lifecyclesavings","RaFFLE","MAE",2.72714328315259
"lifecyclesavings","RaFFLE","MAE",2.33658634278858
"lifecyclesavings","RaFFLE","MAE",4.43352351716903
"lifecyclesavings","RaFFLE","MAE",2.19489020158247
"lifecyclesavings","RaFFLE","MAE",3.10080206032862
"lifecyclesavings","RaFFLE","MAE",5.43774553339112
"lifecyclesavings","RaFFLE","MAE",2.65727096704633
"lifecyclesavings","RaFFLE","MAE",5.60208083843142
"lifecyclesavings","RaFFLE","MAE",2.09758527572557
"lifecyclesavings","RaFFLE","MAE",2.08074777209458
"lifecyclesavings","RaFFLE","RMSE",3.94651682661112
"lifecyclesavings","RaFFLE","RMSE",3.069032891021
"lifecyclesavings","RaFFLE","RMSE",4.60567760000226
"lifecyclesavings","RaFFLE","RMSE",2.77324196388695
"lifecyclesavings","RaFFLE","RMSE",3.45032328554959
"lifecyclesavings","RaFFLE","RMSE",5.51447704262967
"lifecyclesavings","RaFFLE","RMSE",3.2440425533889
"lifecyclesavings","RaFFLE","RMSE",6.45298054546245
"lifecyclesavings","RaFFLE","RMSE",2.27576214822393
"lifecyclesavings","RaFFLE","RMSE",2.93490772036672
"lifecyclesavings","RaFFLE","R2",0.0874382799856649
"lifecyclesavings","RaFFLE","R2",0.266192149432518
"lifecyclesavings","RaFFLE","R2",-0.0460717481568069
"lifecyclesavings","RaFFLE","R2",0.224135726545014
"lifecyclesavings","RaFFLE","R2",-0.965042542739321
"lifecyclesavings","RaFFLE","R2",-3.62371151139066
"lifecyclesavings","RaFFLE","R2",-0.308598191779204
"lifecyclesavings","RaFFLE","R2",-0.0340979734161697
"lifecyclesavings","RaFFLE","R2",0.406361286915518
"lifecyclesavings","RaFFLE","R2",-0.772692559905834
"lifecyclesavings","PRForest","MSE",21.785248353128
"lifecyclesavings","PRForest","MSE",9.11218062107993
"lifecyclesavings","PRForest","MSE",23.8924230918849
"lifecyclesavings","PRForest","MSE",7.89903384947016
"lifecyclesavings","PRForest","MSE",4.6648884553004
"lifecyclesavings","PRForest","MSE",40.3647046856601
"lifecyclesavings","PRForest","MSE",5.35799171488896
"lifecyclesavings","PRForest","MSE",44.5685517633836
"lifecyclesavings","PRForest","MSE",12.1123842616295
"lifecyclesavings","PRForest","MSE",2.19255571691505
"lifecyclesavings","PRForest","MAE",2.94239690135965
"lifecyclesavings","PRForest","MAE",2.46080039912937
"lifecyclesavings","PRForest","MAE",4.81565743477846
"lifecyclesavings","PRForest","MAE",2.40780109329108
"lifecyclesavings","PRForest","MAE",2.07680585261265
"lifecyclesavings","PRForest","MAE",6.00258464008215
"lifecyclesavings","PRForest","MAE",2.120302899838
"lifecyclesavings","PRForest","MAE",5.46761053682952
"lifecyclesavings","PRForest","MAE",3.12919881742627
"lifecyclesavings","PRForest","MAE",1.07997820256175
"lifecyclesavings","PRForest","RMSE",4.66746701682272
"lifecyclesavings","PRForest","RMSE",3.01863886894076
"lifecyclesavings","PRForest","RMSE",4.88798763213297
"lifecyclesavings","PRForest","RMSE",2.81052198878966
"lifecyclesavings","PRForest","RMSE",2.15983528429841
"lifecyclesavings","PRForest","RMSE",6.3533223344688
"lifecyclesavings","PRForest","RMSE",2.3147336163993
"lifecyclesavings","PRForest","RMSE",6.67596822666073
"lifecyclesavings","PRForest","RMSE",3.48028508338462
"lifecyclesavings","PRForest","RMSE",1.48072810364194
"lifecyclesavings","PRForest","R2",-0.276429535162378
"lifecyclesavings","PRForest","R2",0.290092788734072
"lifecyclesavings","PRForest","R2",-0.178242277775085
"lifecyclesavings","PRForest","R2",0.203136008083594
"lifecyclesavings","PRForest","R2",0.229994827669812
"lifecyclesavings","PRForest","R2",-5.13739171269834
"lifecyclesavings","PRForest","R2",0.333752996451283
"lifecyclesavings","PRForest","R2",-0.106800884480693
"lifecyclesavings","PRForest","R2",-0.388347286328748
"lifecyclesavings","PRForest","R2",0.54877291642004
"lifecyclesavings","RandomForest","MSE",16.0238688832796
"lifecyclesavings","RandomForest","MSE",9.2029933125
"lifecyclesavings","RandomForest","MSE",18.6974750458917
"lifecyclesavings","RandomForest","MSE",8.44203155974792
"lifecyclesavings","RandomForest","MSE",7.01177312957129
"lifecyclesavings","RandomForest","MSE",38.0278469753361
"lifecyclesavings","RandomForest","MSE",11.1067052054944
"lifecyclesavings","RandomForest","MSE",49.5941205841083
"lifecyclesavings","RandomForest","MSE",3.9830647869375
"lifecyclesavings","RandomForest","MSE",2.74731679537556
"lifecyclesavings","RandomForest","MAE",2.58995388888889
"lifecyclesavings","RandomForest","MAE",2.35664619047619
"lifecyclesavings","RandomForest","MAE",4.08484222222222
"lifecyclesavings","RandomForest","MAE",2.61774875
"lifecyclesavings","RandomForest","MAE",2.08455514285714
"lifecyclesavings","RandomForest","MAE",5.84360083333333
"lifecyclesavings","RandomForest","MAE",2.63906666666667
"lifecyclesavings","RandomForest","MAE",6.01140766666667
"lifecyclesavings","RandomForest","MAE",1.552285
"lifecyclesavings","RandomForest","MAE",1.19192866666667
"lifecyclesavings","RandomForest","RMSE",4.00298249849779
"lifecyclesavings","RandomForest","RMSE",3.03364357044462
"lifecyclesavings","RandomForest","RMSE",4.32405770612415
"lifecyclesavings","RandomForest","RMSE",2.90551743408088
"lifecyclesavings","RandomForest","RMSE",2.64797528870103
"lifecyclesavings","RandomForest","RMSE",6.16667227727695
"lifecyclesavings","RandomForest","RMSE",3.33267238196233
"lifecyclesavings","RandomForest","RMSE",7.042309321814
"lifecyclesavings","RandomForest","RMSE",1.99576170595026
"lifecyclesavings","RandomForest","RMSE",1.65750318110571
"lifecyclesavings","RandomForest","R2",0.0611381069130328
"lifecyclesavings","RandomForest","R2",0.283017798981956
"lifecyclesavings","RandomForest","R2",0.0779438526602688
"lifecyclesavings","RandomForest","R2",0.148357748962395
"lifecyclesavings","RandomForest","R2",-0.157391356451641
"lifecyclesavings","RandomForest","R2",-4.78207606610096
"lifecyclesavings","RandomForest","R2",-0.381078854955446
"lifecyclesavings","RandomForest","R2",-0.23160422216434
"lifecyclesavings","RandomForest","R2",0.543452629245407
"lifecyclesavings","RandomForest","R2",0.434603309879954
"lifecyclesavings","XGBoost","MSE",12.8640532699051
"lifecyclesavings","XGBoost","MSE",11.5858885132139
"lifecyclesavings","XGBoost","MSE",14.8347628757103
"lifecyclesavings","XGBoost","MSE",7.3530673166675
"lifecyclesavings","XGBoost","MSE",13.0240380383205
"lifecyclesavings","XGBoost","MSE",39.9517967963286
"lifecyclesavings","XGBoost","MSE",7.83025844849666
"lifecyclesavings","XGBoost","MSE",47.9789761644732
"lifecyclesavings","XGBoost","MSE",2.17645830732984
"lifecyclesavings","XGBoost","MSE",4.21689577915641
"lifecyclesavings","XGBoost","MAE",2.05079389890035
"lifecyclesavings","XGBoost","MAE",2.57613620758057
"lifecyclesavings","XGBoost","MAE",3.52776268005371
"lifecyclesavings","XGBoost","MAE",2.63549468040466
"lifecyclesavings","XGBoost","MAE",3.13468907165527
"lifecyclesavings","XGBoost","MAE",5.80361868858337
"lifecyclesavings","XGBoost","MAE",2.16230487823486
"lifecyclesavings","XGBoost","MAE",6.31645377349853
"lifecyclesavings","XGBoost","MAE",1.43138117790222
"lifecyclesavings","XGBoost","MAE",1.67928827667236
"lifecyclesavings","XGBoost","RMSE",3.58664930957922
"lifecyclesavings","XGBoost","RMSE",3.40380500516906
"lifecyclesavings","XGBoost","RMSE",3.85159225200569
"lifecyclesavings","XGBoost","RMSE",2.71165398173652
"lifecyclesavings","XGBoost","RMSE",3.60888321206444
"lifecyclesavings","XGBoost","RMSE",6.32074337371235
"lifecyclesavings","XGBoost","RMSE",2.79825989652438
"lifecyclesavings","XGBoost","RMSE",6.92668579946234
"lifecyclesavings","XGBoost","RMSE",1.47528245001757
"lifecyclesavings","XGBoost","RMSE",2.05350816388842
"lifecyclesavings","XGBoost","R2",0.246276321047707
"lifecyclesavings","XGBoost","R2",0.0973723912554672
"lifecyclesavings","XGBoost","R2",0.268431471612987
"lifecyclesavings","XGBoost","R2",0.258213765575553
"lifecyclesavings","XGBoost","R2",-1.14979988272541
"lifecyclesavings","XGBoost","R2",-5.07460969861386
"lifecyclesavings","XGBoost","R2",0.0263355178721023
"lifecyclesavings","XGBoost","R2",-0.19149425220824
"lifecyclesavings","XGBoost","R2",0.750529712439743
"lifecyclesavings","XGBoost","R2",0.132164546830026
"lifecyclesavings","LightGBM","MSE",21.9341121558138
"lifecyclesavings","LightGBM","MSE",8.97200808487871
"lifecyclesavings","LightGBM","MSE",26.0891114109194
"lifecyclesavings","LightGBM","MSE",7.79329112033476
"lifecyclesavings","LightGBM","MSE",3.36457799244657
"lifecyclesavings","LightGBM","MSE",35.2229737678582
"lifecyclesavings","LightGBM","MSE",7.40176821093475
"lifecyclesavings","LightGBM","MSE",39.0286495422179
"lifecyclesavings","LightGBM","MSE",13.9821745062569
"lifecyclesavings","LightGBM","MSE",6.55472034957024
"lifecyclesavings","LightGBM","MAE",3.26846874793602
"lifecyclesavings","LightGBM","MAE",2.39410967721587
"lifecyclesavings","LightGBM","MAE",4.93188277778676
"lifecyclesavings","LightGBM","MAE",2.24701525366629
"lifecyclesavings","LightGBM","MAE",1.52476856363616
"lifecyclesavings","LightGBM","MAE",5.38312154040843
"lifecyclesavings","LightGBM","MAE",2.375
"lifecyclesavings","LightGBM","MAE",5.21285682527288
"lifecyclesavings","LightGBM","MAE",3.1982298851831
"lifecyclesavings","LightGBM","MAE",2.05962414626599
"lifecyclesavings","LightGBM","RMSE",4.68338682534486
"lifecyclesavings","LightGBM","RMSE",2.99533104762707
"lifecyclesavings","LightGBM","RMSE",5.1077501319974
"lifecyclesavings","LightGBM","RMSE",2.79164666824703
"lifecyclesavings","LightGBM","RMSE",1.83427860273367
"lifecyclesavings","LightGBM","RMSE",5.93489458776297
"lifecyclesavings","LightGBM","RMSE",2.72061908596826
"lifecyclesavings","LightGBM","RMSE",6.24729137644611
"lifecyclesavings","LightGBM","RMSE",3.73927459626287
"lifecyclesavings","LightGBM","RMSE",2.56021880892439
"lifecyclesavings","LightGBM","R2",-0.285151682892104
"lifecyclesavings","LightGBM","R2",0.301013280590925
"lifecyclesavings","LightGBM","R2",-0.286570806808219
"lifecyclesavings","LightGBM","R2",0.213803461200107
"lifecyclesavings","LightGBM","R2",0.444629280696199
"lifecyclesavings","LightGBM","R2",-4.35559937779609
"lifecyclesavings","LightGBM","R2",0.0796167381532388
"lifecyclesavings","LightGBM","R2",0.0307752411891639
"lifecyclesavings","LightGBM","R2",-0.602666627266095
"lifecyclesavings","LightGBM","R2",-0.348958808298959
